{
    "tasks": [
        {
            "name": "Summary",
            "description": "Summary",
            "marks": [
                {
                    "value": "1",
                    "state": [
                        {
                            "element": "questionLib",
                            "property": "awardMarkForSummary",
                            "data": 1
                        }
                    ]
                },
                {
                    "value": "2",
                    "state": [
                        {
                            "element": "questionLib",
                            "property": "awardMarkForSummary",
                            "data": 2
                        }
                    ]
                }
            ],
            "events": {
                "start": {
                    "element": "questionLib",
                    "property": "value",
                    "data": {
                        "action": "questionStart",
                        "name": "Summary"
                    }
                },
                "end": {
                    "element": "questionLib",
                    "property": "value",
                    "data": {
                        "action": "questionEnd",
                        "name": "Summary"
                    }
                }
            },
            "history": {
                "element": "questionLib",
                "property": "historyForSummary"
            }
        },
        {
            "name": "Q1",
            "description": "________________ provide sheltered and convenient access, \nlinking blocks to other parts of the estates.",
            "marks": [
                {
                    "value": "1",
                    "state": [
                        {
                            "element": "questionLib",
                            "property": "awardMarkForQ1",
                            "data": 1
                        }
                    ]
                },
                {
                    "value": "2",
                    "state": [
                        {
                            "element": "questionLib",
                            "property": "awardMarkForQ1",
                            "data": 2
                        }
                    ]
                }
            ],
            "events": {
                "start": {
                    "element": "questionLib",
                    "property": "value",
                    "data": {
                        "action": "questionStart",
                        "name": "Q1"
                    }
                },
                "end": {
                    "element": "questionLib",
                    "property": "value",
                    "data": {
                        "action": "questionEnd",
                        "name": "Q1"
                    }
                }
            },
            "history": {
                "element": "questionLib",
                "property": "historyForQ1"
            }
        },
        {
            "name": "Q2",
            "description": "________________ may come with community spaces or community \nliving rooms with seating areas where residents \ncan interact with one another.",
            "marks": [
                {
                    "value": "1",
                    "state": [
                        {
                            "element": "questionLib",
                            "property": "awardMarkForQ2",
                            "data": 1
                        }
                    ]
                },
                {
                    "value": "2",
                    "state": [
                        {
                            "element": "questionLib",
                            "property": "awardMarkForQ2",
                            "data": 2
                        }
                    ]
                }
            ],
            "events": {
                "start": {
                    "element": "questionLib",
                    "property": "value",
                    "data": {
                        "action": "questionStart",
                        "name": "Q2"
                    }
                },
                "end": {
                    "element": "questionLib",
                    "property": "value",
                    "data": {
                        "action": "questionEnd",
                        "name": "Q2"
                    }
                }
            },
            "history": {
                "element": "questionLib",
                "property": "historyForQ2"
            }
        },
        {
            "name": "Q3",
            "description": "________________ are places for residents to bond through \na shared love for gardening.",
            "marks": [
                {
                    "value": "1",
                    "state": [
                        {
                            "element": "questionLib",
                            "property": "awardMarkForQ3",
                            "data": 1
                        }
                    ]
                },
                {
                    "value": "2",
                    "state": [
                        {
                            "element": "questionLib",
                            "property": "awardMarkForQ3",
                            "data": 2
                        }
                    ]
                }
            ],
            "events": {
                "start": {
                    "element": "questionLib",
                    "property": "value",
                    "data": {
                        "action": "questionStart",
                        "name": "Q3"
                    }
                },
                "end": {
                    "element": "questionLib",
                    "property": "value",
                    "data": {
                        "action": "questionEnd",
                        "name": "Q3"
                    }
                }
            },
            "history": {
                "element": "questionLib",
                "property": "historyForQ3"
            }
        },
        {
            "name": "Q4",
            "description": "3-Generation family ________________ cater to the play and \nexercise needs of the elderly, adults, and children.",
            "marks": [
                {
                    "value": "1",
                    "state": [
                        {
                            "element": "questionLib",
                            "property": "awardMarkForQ4",
                            "data": 1
                        }
                    ]
                },
                {
                    "value": "2",
                    "state": [
                        {
                            "element": "questionLib",
                            "property": "awardMarkForQ4",
                            "data": 2
                        }
                    ]
                }
            ],
            "events": {
                "start": {
                    "element": "questionLib",
                    "property": "value",
                    "data": {
                        "action": "questionStart",
                        "name": "Q4"
                    }
                },
                "end": {
                    "element": "questionLib",
                    "property": "value",
                    "data": {
                        "action": "questionEnd",
                        "name": "Q4"
                    }
                }
            },
            "history": {
                "element": "questionLib",
                "property": "historyForQ4"
            }
        }
    ]
}
