{
    "tasks": [
        {
            "name": "Summary",
            "description": "Summary",
            "marks": [
                {
                    "value": "1",
                    "state": [
                        {
                            "element": "questionLib",
                            "property": "awardMarkForSummary",
                            "data": 1
                        }
                    ]
                }
            ],
            "events": {
                "start": {
                    "element": "questionLib",
                    "property": "value",
                    "data": {
                        "action": "questionStart",
                        "name": "Summary"
                    }
                },
                "end": {
                    "element": "questionLib",
                    "property": "value",
                    "data": {
                        "action": "questionEnd",
                        "name": "Summary"
                    }
                }
            },
            "history": {
                "element": "questionLib",
                "property": "historyForSummary"
            }
        },
        {
            "name": "Q1",
            "description": "Question: Is a Cereal Box a recyclable? Answer: Yes.",
            "marks": [
                {
                    "value": "1",
                    "state": [
                        {
                            "element": "questionLib",
                            "property": "awardMarkForQ1",
                            "data": 1
                        }
                    ]
                },
                {
                    "value": "2",
                    "state": [
                        {
                            "element": "questionLib",
                            "property": "awardMarkForQ1",
                            "data": 2
                        }
                    ]
                }
            ],
            "events": {
                "start": {
                    "element": "questionLib",
                    "property": "value",
                    "data": {
                        "action": "questionStart",
                        "name": "Q1"
                    }
                },
                "end": {
                    "element": "questionLib",
                    "property": "value",
                    "data": {
                        "action": "questionEnd",
                        "name": "Q1"
                    }
                }
            },
            "history": {
                "element": "questionLib",
                "property": "historyForQ1"
            }
        },
        {
            "name": "Q2",
            "description": "Question: Is a Rinsed Used Glass Jar a recyclable? Answer: Yes.",
            "marks": [
                {
                    "value": "1",
                    "state": [
                        {
                            "element": "questionLib",
                            "property": "awardMarkForQ2",
                            "data": 1
                        }
                    ]
                },
                {
                    "value": "2",
                    "state": [
                        {
                            "element": "questionLib",
                            "property": "awardMarkForQ2",
                            "data": 2
                        }
                    ]
                }
            ],
            "events": {
                "start": {
                    "element": "questionLib",
                    "property": "value",
                    "data": {
                        "action": "questionStart",
                        "name": "Q2"
                    }
                },
                "end": {
                    "element": "questionLib",
                    "property": "value",
                    "data": {
                        "action": "questionEnd",
                        "name": "Q2"
                    }
                }
            },
            "history": {
                "element": "questionLib",
                "property": "historyForQ2"
            }
        },
        {
            "name": "Q3",
            "description": "Question: Is a Food Can a recyclable? Answer: Yes.",
            "marks": [
                {
                    "value": "1",
                    "state": [
                        {
                            "element": "questionLib",
                            "property": "awardMarkForQ3",
                            "data": 1
                        }
                    ]
                },
                {
                    "value": "2",
                    "state": [
                        {
                            "element": "questionLib",
                            "property": "awardMarkForQ3",
                            "data": 2
                        }
                    ]
                }
            ],
            "events": {
                "start": {
                    "element": "questionLib",
                    "property": "value",
                    "data": {
                        "action": "questionStart",
                        "name": "Q3"
                    }
                },
                "end": {
                    "element": "questionLib",
                    "property": "value",
                    "data": {
                        "action": "questionEnd",
                        "name": "Q3"
                    }
                }
            },
            "history": {
                "element": "questionLib",
                "property": "historyForQ3"
            }
        },
        {
            "name": "Q4",
            "description": "Question: Is a Plastic Egg Tray a recyclable? Answer: Yes.",
            "marks": [
                {
                    "value": "1",
                    "state": [
                        {
                            "element": "questionLib",
                            "property": "awardMarkForQ4",
                            "data": 1
                        }
                    ]
                },
                {
                    "value": "2",
                    "state": [
                        {
                            "element": "questionLib",
                            "property": "awardMarkForQ4",
                            "data": 2
                        }
                    ]
                }
            ],
            "events": {
                "start": {
                    "element": "questionLib",
                    "property": "value",
                    "data": {
                        "action": "questionStart",
                        "name": "Q4"
                    }
                },
                "end": {
                    "element": "questionLib",
                    "property": "value",
                    "data": {
                        "action": "questionEnd",
                        "name": "Q4"
                    }
                }
            },
            "history": {
                "element": "questionLib",
                "property": "historyForQ4"
            }
        },
        {
            "name": "Q5",
            "description": "Question: Is a Plastic Food Packaging a recyclable? Answer: No.",
            "marks": [
                {
                    "value": "1",
                    "state": [
                        {
                            "element": "questionLib",
                            "property": "awardMarkForQ5",
                            "data": 1
                        }
                    ]
                },
                {
                    "value": "2",
                    "state": [
                        {
                            "element": "questionLib",
                            "property": "awardMarkForQ5",
                            "data": 2
                        }
                    ]
                }
            ],
            "events": {
                "start": {
                    "element": "questionLib",
                    "property": "value",
                    "data": {
                        "action": "questionStart",
                        "name": "Q5"
                    }
                },
                "end": {
                    "element": "questionLib",
                    "property": "value",
                    "data": {
                        "action": "questionEnd",
                        "name": "Q5"
                    }
                }
            },
            "history": {
                "element": "questionLib",
                "property": "historyForQ5"
            }
        },
        {
            "name": "Q6",
            "description": "Question: Are Toys recyclables? Answer: No.",
            "marks": [
                {
                    "value": "1",
                    "state": [
                        {
                            "element": "questionLib",
                            "property": "awardMarkForQ6",
                            "data": 1
                        }
                    ]
                },
                {
                    "value": "2",
                    "state": [
                        {
                            "element": "questionLib",
                            "property": "awardMarkForQ6",
                            "data": 2
                        }
                    ]
                }
            ],
            "events": {
                "start": {
                    "element": "questionLib",
                    "property": "value",
                    "data": {
                        "action": "questionStart",
                        "name": "Q6"
                    }
                },
                "end": {
                    "element": "questionLib",
                    "property": "value",
                    "data": {
                        "action": "questionEnd",
                        "name": "Q6"
                    }
                }
            },
            "history": {
                "element": "questionLib",
                "property": "historyForQ6"
            }
        }
    ]
}
